{
  "retention": 1.0,
  "drift_total": 0.041666666666666664,
  "drift_topology": 0.0,
  "drift_dependency": 0.041666666666666664,
  "stability": 0.9583333333333334,
  "timestamp": "2026-02-13T18:58:21.983170+00:00",
  "context_hash": "bded6e58b5ff28bfe26b4be224c4e097f97510220aacc34f4a2672020cd95c64",
  "repo_hash": "8735ff6a1336f03847cb23706070be3d2a0032f6",
  "boundary_score": 0.041666666666666664,
  "boundary_event": false,
  "boundary_reason": "none",
  "replay_K": 10,
  "Bcrit": 0.5
}