{
  "timestamp": "2026-02-13T04:09:22.352149+00:00",
  "repo": "Digital-DNA",
  "mode": "PY_LOOP",
  "source_metrics": "artifacts/last_run.json",
  "observations": {
    "stability": -1.1818181818181817,
    "retention": 1.0,
    "drift_total": 2.1818181818181817,
    "drift_topology": 2.1818181818181817,
    "drift_dependency": 0.0
  },
  "outputs": {
    "last_run": "artifacts/last_run.json",
    "history_dir": "artifacts/history/",
    "packet_latest": "docs/feedback/packet_latest.json",
    "docs_ledger": "docs/ledger/docs_ledger.jsonl"
  },
  "invariants_locked": [
    "stability = retention - drift_total",
    "artifacts/last_run.json overwritten each run",
    "history snapshots append-only"
  ]
}