{
  "timestamp": "2026-02-13T17:39:58.168277+00:00",
  "repo": "Digital-DNA",
  "mode": "PY_LOOP",
  "source_metrics": "artifacts/last_run.json",
  "episode": {
    "context_hash": "c28bcea960980fbc0ea6461c07bfc0758aaab86007432abef0e03097e06ca6b0",
    "repo_hash": "8735ff6a1336f03847cb23706070be3d2a0032f6",
    "boundary_score": 0.2,
    "boundary_event": false,
    "boundary_reason": "none",
    "Bcrit": 0.5,
    "replay_K": 10
  },
  "observations": {
    "stability": -1.6770833333333333,
    "retention": 0.3229166666666667,
    "drift_total": 2.0,
    "drift_topology": 2.0,
    "drift_dependency": 0.0
  },
  "replay": {
    "K": 10,
    "count": 8,
    "mean_stability": -4.5031960227272725,
    "last_stability": -1.6770833333333333,
    "delta": 15.201704545454545,
    "slope": -1.6969358766233764,
    "min": -16.87878787878788,
    "max": 1.0,
    "path": "artifacts/replay_k.json"
  },
  "outputs": {
    "last_run": "artifacts/last_run.json",
    "replay_k": "artifacts/replay_k.json",
    "history_dir": "artifacts/history/",
    "packet_latest": "docs/feedback/packet_latest.json",
    "docs_ledger": "docs/ledger/docs_ledger.jsonl"
  },
  "invariants_locked": [
    "stability = retention - drift_total",
    "artifacts/last_run.json overwritten each run",
    "artifacts/replay_k.json overwritten each run",
    "history snapshots append-only",
    "docs_ledger append-only"
  ]
}