{
  "timestamp": "2026-02-13T17:40:06.126102+00:00",
  "repo": "Digital-DNA",
  "mode": "PY_LOOP",
  "source_metrics": "artifacts/last_run.json",
  "episode": {
    "context_hash": "f4f8830509f428031d854623f1cf2dca88d83f8ed795a71834ae9606db9b4704",
    "repo_hash": "8735ff6a1336f03847cb23706070be3d2a0032f6",
    "boundary_score": 0.2,
    "boundary_event": false,
    "boundary_reason": "none",
    "Bcrit": 0.5,
    "replay_K": 10
  },
  "observations": {
    "stability": -1.683673469387755,
    "retention": 0.3163265306122449,
    "drift_total": 2.0,
    "drift_topology": 2.0,
    "drift_dependency": 0.0
  },
  "replay": {
    "K": 10,
    "count": 9,
    "mean_stability": -4.189915739022882,
    "last_stability": -1.683673469387755,
    "delta": -0.006590136054421825,
    "slope": -0.9998869434137291,
    "min": -16.87878787878788,
    "max": 1.0,
    "path": "artifacts/replay_k.json"
  },
  "outputs": {
    "last_run": "artifacts/last_run.json",
    "replay_k": "artifacts/replay_k.json",
    "history_dir": "artifacts/history/",
    "packet_latest": "docs/feedback/packet_latest.json",
    "docs_ledger": "docs/ledger/docs_ledger.jsonl"
  },
  "invariants_locked": [
    "stability = retention - drift_total",
    "artifacts/last_run.json overwritten each run",
    "artifacts/replay_k.json overwritten each run",
    "history snapshots append-only",
    "docs_ledger append-only"
  ]
}