{
  "timestamp": "2026-02-13T18:16:30.486181+00:00",
  "repo": "Digital-DNA",
  "mode": "PY_LOOP",
  "source_metrics": "artifacts/last_run.json",
  "episode": {
    "context_hash": "161143249bfa06d853969292354f1b03c1386f722f450fe463525654acb8b2bf",
    "repo_hash": "8735ff6a1336f03847cb23706070be3d2a0032f6",
    "boundary_score": 0.17073170731707318,
    "boundary_event": false,
    "boundary_reason": "none",
    "Bcrit": 0.5,
    "replay_K": 10
  },
  "observations": {
    "stability": 0.8292682926829268,
    "retention": 1.0,
    "drift_total": 0.17073170731707318,
    "drift_topology": 0.0,
    "drift_dependency": 0.17073170731707318
  },
  "replay": {
    "K": 10,
    "count": 10,
    "mean_stability": -3.591724608579574,
    "last_stability": 0.8292682926829268,
    "delta": -0.1707317073170732,
    "slope": 0.47394219641091667,
    "min": -16.87878787878788,
    "max": 1.0,
    "path": "artifacts/replay_k.json"
  },
  "outputs": {
    "last_run": "artifacts/last_run.json",
    "replay_k": "artifacts/replay_k.json",
    "history_dir": "artifacts/history/",
    "packet_latest": "docs/feedback/packet_latest.json",
    "docs_ledger": "docs/ledger/docs_ledger.jsonl"
  },
  "invariants_locked": [
    "stability = retention - drift_total",
    "artifacts/last_run.json overwritten each run",
    "artifacts/replay_k.json overwritten each run",
    "history snapshots append-only",
    "docs_ledger append-only"
  ]
}