{
  "timestamp": "2026-02-13T17:40:59.156368+00:00",
  "repo": "Digital-DNA",
  "mode": "PY_LOOP",
  "source_metrics": "artifacts/last_run.json",
  "episode": {
    "context_hash": "e63f2d7321df34200a5688daf7b171766ca611ae21c32be78782a2aac9f460c5",
    "repo_hash": "8735ff6a1336f03847cb23706070be3d2a0032f6",
    "boundary_score": 0.2,
    "boundary_event": false,
    "boundary_reason": "none",
    "Bcrit": 0.5,
    "replay_K": 10
  },
  "observations": {
    "stability": -0.31000000000000005,
    "retention": 1.0,
    "drift_total": 1.31,
    "drift_topology": 1.31,
    "drift_dependency": 0.0
  },
  "replay": {
    "K": 10,
    "count": 10,
    "mean_stability": -3.8019241651205937,
    "last_stability": -0.31000000000000005,
    "delta": 1.373673469387755,
    "slope": -0.5155587367178276,
    "min": -16.87878787878788,
    "max": 1.0,
    "path": "artifacts/replay_k.json"
  },
  "outputs": {
    "last_run": "artifacts/last_run.json",
    "replay_k": "artifacts/replay_k.json",
    "history_dir": "artifacts/history/",
    "packet_latest": "docs/feedback/packet_latest.json",
    "docs_ledger": "docs/ledger/docs_ledger.jsonl"
  },
  "invariants_locked": [
    "stability = retention - drift_total",
    "artifacts/last_run.json overwritten each run",
    "artifacts/replay_k.json overwritten each run",
    "history snapshots append-only",
    "docs_ledger append-only"
  ]
}